number,item_id,name,born,died,nationality,nationality_distractor,occupation,occupation_distractor,lifetime,life_status,life_status_distractor,life_status_year_verb,life_status_year_before,life_status_year_after,life_status_year_before_match,life_status_year_correct,bio,critical,pronoun,verb,adjectiv,np,spillover1,spillover2,bio_spr,critical_spr,type,tense,condition,match,mismatch,list,bare_verb,prac_correct,prac_incorrect,file_name
13,22,Albert Einstein,1879  ,1955,German,French,scientist,musician,historically,dead,alive,died,before 2000,after 2000,yes,before 2000,Albert Einstein was a German scientist. He died in New Jersey.,"He has received prestigious scientific awards, as reported by his memoir.",He,has received,prestigious,"scientific awards,",as reported by,his memoir.,Albert Einstein*was*a German scientist.*He*died*in New Jersey.,"He*has received*prestigious*scientific awards,*as reported by*his memoir.",critical,PP,historicallyPP,no,historicallyPP,2,receive,crit,crit,Albert_Einstein.jpg
13,22,Albert Einstein,1879  ,1955,German,French,scientist,musician,historically,dead,alive,died,before 2000,after 2000,yes,before 2000,Albert Einstein was a German scientist. He died in New Jersey.,"He received prestigious scientific awards, as reported by his memoir.",He,received,prestigious,"scientific awards,",as reported by,his memoir.,Albert Einstein*was*a German scientist.*He*died*in New Jersey.,"He*received*prestigious*scientific awards,*as reported by*his memoir.",critical,PS,historicallyPS,yes,match,1,receive,crit,crit,Albert_Einstein.jpg
23,20,Amy Winehouse,1983,2011,English,German,musician,actress,recently,dead,alive,died,before 2000,after 2000,no,after 2000,Amy Winehouse was a British musician. She died in London.,"She has performed in prestigious concert arenas, according to her website.",She,has performed,in prestigious,"concert arenas,",according to,her website.,Amy Winehouse*was*a British musician.*She*died*in London.,"She*has performed*in prestigious*concert arenas,*according to*her website.",critical,PP,recentlyPP,no,recentlyPP,2,perform,crit,crit,Amy_Winehouse.jpg
23,20,Amy Winehouse,1983,2011,English,German,musician,actress,recently,dead,alive,died,before 2000,after 2000,no,after 2000,Amy Winehouse was a British musician. She died in London.,"She performed in prestigious concert arenas, according to her website.",She,performed,in prestigious,"concert arenas,",according to,her website.,Amy Winehouse*was*a British musician.*She*died*in London.,"She*performed*in prestigious*concert arenas,*according to*her website.",critical,PS,recentlyPS,yes,match,1,perform,crit,crit,Amy_Winehouse.jpg
21,26,Angela Merkel,1954,alive,German,Swiss,politician,activist,alive,alive,dead,born,before 1925,after 1925,no,after 1925,Angela Merkel is a German politician. She lives in Berlin.,"She  has worked with important world leaders, as stated on Wikipedia.",She,has worked,with important,"world leaders,",as stated on,Wikipedia.,Angela Merkel*is*a German politician.*She*lives*in Berlin.,"She*has worked*with important*world leaders,*as stated on*Wikipedia.",critical,PP,alivePP,yes,match,2,work,crit,crit,Angela_Merkel.jpg
21,26,Angela Merkel,1954,alive,German,Swiss,politician,activist,alive,alive,dead,born,before 1925,after 1925,no,after 1925,Angela Merkel is a German politician. She lives in Berlin.,"She  worked with important world leaders, as stated on Wikipedia.",She,worked,with important,"world leaders,",as stated on,Wikipedia.,Angela Merkel*is*a German politician.*She*lives*in Berlin.,"She*worked*with important*world leaders,*as stated on*Wikipedia.",critical,PS,alivePS,no,alivePS,1,work,crit,crit,Angela_Merkel.jpg
3,1,Anthony Hopkins,1963,alive,Welsh,French,actor,singer,alive,alive,dead,born,before 1925,after 1925,no,after 1925,Anthony Hopkins is a Welsh actor. He lives in Los Angeles.,"He has received prestigious acting awards, as reported by his website.",He,has received,prestigious,"acting awards,",as reported by,his website.,Anthony Hopkins*is*a Welsh actor.*He*lives*in Los Angeles.,"He*has received*prestigious*acting awards,*as reported by*his website.",critical,PP,alivePP,yes,match,2,receive,crit,crit,Anthony_Hopkins.jpg
3,1,Anthony Hopkins,1963,alive,Welsh,French,actor,singer,alive,alive,dead,born,before 1925,after 1925,no,after 1925,Anthony Hopkins is a Welsh actor. He lives in Los Angeles.,"He received prestigious acting awards, as reported by his website.",He,received,prestigious,"acting awards,",as reported by,his website.,Anthony Hopkins*is*a Welsh actor.*He*lives*in Los Angeles.,"He*received*prestigious*acting awards,*as reported by*his website.",critical,PS,alivePS,no,alivePS,1,receive,crit,crit,Anthony_Hopkins.jpg
25,99,Audrey Hepburn,1929,1993,British,French,actress,politician,practice,dead,alive,died,before 2000,after 2000,yes,before 2000,Audrey Hepburn was a British actress. She was born in 1929.,"She was regarded as a film and fashion icon, as stated in her biography.",practice,practice,practice,practice,practice,practice,Audrey Hepburn*was*a British actress.*She*was born*in 1929.,"She*was regarded*as a film*and fashion icon,*as stated in*her biography.",practice,PastPass,practice_deadPastPass,yes,practice_match,99,be regarded,Right!<p>The sentence was fine.,Hmm..<p>The last sentence fit well with the first sentences. You should have responded 'yes'.,Audrey_Hepburn.png
4,2,Ben Cross,1947,2020,English,Scottish,actor,politician,recently,dead,alive,died,before 2000,after 2000,no,after 2000,Ben Cross was an English actor. He died in Vienna.,"He has starred in critically acclaimed film productions, so his memoir says.",He,has starred,in critically acclaimed,"film productions,",so his,memoir says.,Ben Cross*was*an English actor.*He*died*in Vienna.,"He*has starred*in critically acclaimed*film productions,*so his*memoir says.",critical,PP,recentlyPP,no,recentlyPP,1,star,crit,crit,Ben_Cross.jpg
4,2,Ben Cross,1947,2020,English,Scottish,actor,politician,recently,dead,alive,died,before 2000,after 2000,no,after 2000,Ben Cross was an English actor. He died in Vienna.,"He starred in critically acclaimed film productions, so his memoir says.",He,starred,in critically acclaimed,"film productions,",so his,memoir says.,Ben Cross*was*an English actor.*He*died*in Vienna.,"He*starred*in critically acclaimed*film productions,*so his*memoir says.",critical,PS,recentlyPS,yes,match,6,star,crit,crit,Ben_Cross.jpg
9,14,Bill Withers,1938,2020,American,British,musician,film-maker,recently,dead,alive,died,before 2000,after 2000,no,after 2000,Bill Withers was an American musician. He died in Los Angeles.,"He has appeared in popular music videos, as stated in his memoir.",He,has appeared,in popular,"music videos,",as stated in,his memoir.,Bill Withers*was*an American musician.*He*died*in Los Angeles.,"He*has appeared*in popular*music videos,*as stated in*his memoir.",critical,PP,recentlyPP,no,recentlyPP,6,appear,crit,crit,Bill_Withers.jpg
9,14,Bill Withers,1938,2020,American,British,musician,film-maker,recently,dead,alive,died,before 2000,after 2000,no,after 2000,Bill Withers was an American musician. He died in Los Angeles.,"He appeared in popular music videos, as stated in his memoir.",He,appeared,in popular,"music videos,",as stated in,his memoir.,Bill Withers*was*an American musician.*He*died*in Los Angeles.,"He*appeared*in popular*music videos,*as stated in*his memoir.",critical,PS,recentlyPS,yes,match,5,appear,crit,crit,Bill_Withers.jpg
22,21,Billie Holiday,1915,1959,American,Portuguese,musician,politician,historically,dead,alive,died,before 2000,after 2000,yes,before 2000,Billie Holiday was an American musician. She died in New York City.,"She has released popular music albums, so her memoir says.",She,has released,popular,"music albums,",so her,memoir says.,Billie Holiday*was*an American musician.*She*died*in New York City.,"She*has released*popular*music albums,*so her*memoir says.",critical,PP,historicallyPP,no,historicallyPP,5,release,crit,crit,Billie_Holiday.jpg
22,21,Billie Holiday,1915,1959,American,Portuguese,musician,politician,historically,dead,alive,died,before 2000,after 2000,yes,before 2000,Billie Holiday was an American musician. She died in New York City.,"She released popular music albums, so her memoir says.",She,released,popular,"music albums,",so her,memoir says.,Billie Holiday*was*an American musician.*She*died*in New York City.,"She*released*popular*music albums,*so her*memoir says.",critical,PS,historicallyPS,yes,match,4,release,crit,crit,Billie_Holiday.jpg
15,18,Bob Dylan,1941,alive,American,Australian,musician,royal,alive,alive,dead,born,before 1925,after 1925,no,after 1925,Bob Dylan is an American musician. He lives in California.,"He has played in numerous packed arenas, as reported by Wikipedia.",He,has played,in numerous,"packed arenas,",as reported by,Wikipedia.,Bob Dylan*is*an American musician.*He*lives*in California.,"He*has played*in numerous*packed arenas,*as reported by*Wikipedia.",critical,PP,alivePP,yes,match,2,play,crit,crit,Bob_Dylan.jpg
15,18,Bob Dylan,1941,alive,American,Australian,musician,royal,alive,alive,dead,born,before 1925,after 1925,no,after 1925,Bob Dylan is an American musician. He lives in California.,"He played in numerous packed arenas, as reported by Wikipedia.",He,played,in numerous,"packed arenas,",as reported by,Wikipedia.,Bob Dylan*is*an American musician.*He*lives*in California.,"He*played*in numerous*packed arenas,*as reported by*Wikipedia.",critical,PS,alivePS,no,alivePS,1,play,crit,crit,Bob_Dylan.jpg
17,23,Boris Johnson,1964,alive,British,Irish,politician,singer,alive,alive,dead,born,before 1925,after 1925,no,after 1925,Boris Johnson is a British politician. He lives in London.,"He has appeared in prominent political debates, as reported by the media.",He,has appeared,in prominent,"political debates,",as reported by,the media.,Boris Johnson*is*a British politician.*He*lives*in London.,"He*has appeared*in prominent*political debates,*as reported by*the media.",critical,PP,alivePP,yes,match,4,appear,crit,crit,Boris_Johnson.png
17,23,Boris Johnson,1964,alive,British,Irish,politician,singer,alive,alive,dead,born,before 1925,after 1925,no,after 1925,Boris Johnson is a British politician. He lives in London.,"He appeared in prominent political debates, as reported by the media.",He,appeared,in prominent,"political debates,",as reported by,the media.,Boris Johnson*is*a British politician.*He*lives*in London.,"He*appeared*in prominent*political debates,*as reported by*the media.",critical,PS,alivePS,no,alivePS,3,appear,crit,crit,Boris_Johnson.png
18,9,Brad Pitt,1963,alive,American,Canadian,actor,scientist,alive,alive,dead,born,before 1925,after 1925,no,after 1925,Brad Pitt  is an American actor. He lives in Los Angeles.,"He has released well-received motion pictures, according to his biographer.",He,has released,well-received,"motion pictures,",according to,his biographer.,Brad Pitt*is*an American actor.*He*lives*in Los Angeles.,"He*has released*well-received*motion pictures,*according to*his biographer.",critical,PP,alivePP,yes,match,5,release,crit,crit,Brad_Pitt.jpg
18,9,Brad Pitt,1963,alive,American,Canadian,actor,scientist,alive,alive,dead,born,before 1925,after 1925,no,after 1925,Brad Pitt  is an American actor. He lives in Los Angeles.,"He released well-received motion pictures, according to his biographer.",He,released,well-received,"motion pictures,",according to,his biographer.,Brad Pitt*is*an American actor.*He*lives*in Los Angeles.,"He*released*well-received*motion pictures,*according to*his biographer.",critical,PS,alivePS,no,alivePS,4,release,crit,crit,Brad_Pitt.jpg
23,20,Britney Spears,1986,alive,American,Polish,musician,actress,alive,alive,dead,born,before 1925,after 1925,no,after 1925,Britney Spears is an American musician. She lives in California.,"She has performed in prestigious concert arenas, according to her website.",She,has performed,in prestigious,"concert arenas,",according to,her website.,Britney Spears*is*an American musician.*She*lives*in California.,"She*has performed*in prestigious*concert arenas,*according to*her website.",critical,PP,alivePP,yes,match,4,perform,crit,crit,Britney_Spears.png
23,20,Britney Spears,1986,alive,American,Polish,musician,actress,alive,alive,dead,born,before 1925,after 1925,no,after 1925,Britney Spears is an American musician. She lives in California.,"She performed in prestigious concert arenas, according to her website.",She,performed,in prestigious,"concert arenas,",according to,her website.,Britney Spears*is*an American musician.*She*lives*in California.,"She*performed*in prestigious*concert arenas,*according to*her website.",critical,PS,alivePS,no,alivePS,3,perform,crit,crit,Britney_Spears.png
18,9,Bruce Lee,1940,1973,Chinese-American,Japanese,actor,scientist,historically,dead,alive,died,before 2000,after 2000,yes,before 2000,Bruce Lee was a Chinese actor. He died in Hong Kong.,"He has released well-received motion pictures, according to his biographer.",He,has released,well-received,"motion pictures,",according to,his biographer.,Bruce Lee*was*a Chinese actor.*He*died*in Hong Kong.,"He*has released*well-received*motion pictures,*according to*his biographer.",critical,PP,historicallyPP,no,historicallyPP,1,release,crit,crit,Bruce_Lee.jpg
18,9,Bruce Lee,1940,1973,Chinese-American,Japanese,actor,scientist,historically,dead,alive,died,before 2000,after 2000,yes,before 2000,Bruce Lee was a Chinese actor. He died in Hong Kong.,"He released well-received motion pictures, according to his biographer.",He,released,well-received,"motion pictures,",according to,his biographer.,Bruce Lee*was*a Chinese actor.*He*died*in Hong Kong.,"He*released*well-received*motion pictures,*according to*his biographer.",critical,PS,historicallyPS,yes,match,6,release,crit,crit,Bruce_Lee..jpg
9,14,Bruno Mars,1985,alive,American,Irish,musician,film-maker,alive,alive,dead,born,before 1925,after 1925,no,after 1925,Bruno Mars is an American musician. He lives in Los Angeles.,"He has appeared in popular music videos, as stated in his memoir.",He,has appeared,in popular,"music videos,",as stated in,his memoir.,Bruno Mars*is*an American musician.*He*lives*in Los Angeles.,"He*has appeared*in popular*music videos,*as stated in*his memoir.",critical,PP,alivePP,yes,match,2,appear,crit,crit,Bruno_Mars.jpg
9,14,Bruno Mars,1985,alive,American,Irish,musician,film-maker,alive,alive,dead,born,before 1925,after 1925,no,after 1925,Bruno Mars is an American musician. He lives in Los Angeles.,"He appeared in popular music videos, as stated in his memoir.",He,appeared,in popular,"music videos,",as stated in,his memoir.,Bruno Mars*is*an American musician.*He*lives*in Los Angeles.,"He*appeared*in popular*music videos,*as stated in*his memoir.",critical,PS,alivePS,no,alivePS,1,appear,crit,crit,Bruno_Mars.jpg
10,7,Chadwick Boseman,1976,2020,American,Australian,actor,businessman,recently,dead,alive,died,before 2000,after 2000,no,after 2000,Chadwick Boseman was an American actor. He died in Los Angeles.,"He has worked with well-known film directors, according to his website.",He,has worked,with well-known,"film directors,",according to,his website.,Chadwick Boseman*was*an American actor.*He*died*in Los Angeles.,"He*has worked*with well-known*film directors,*according to*his website.",critical,PP,recentlyPP,no,recentlyPP,1,work,crit,crit,Chadwick_Boseman.png
10,7,Chadwick Boseman,1976,2020,American,Australian,actor,businessman,recently,dead,alive,died,before 2000,after 2000,no,after 2000,Chadwick Boseman was an American actor. He died in Los Angeles.,"He worked with well-known film directors, according to his website.",He,worked,with well-known,"film directors,",according to,his website.,Chadwick Boseman*was*an American actor.*He*died*in Los Angeles.,"He*worked*with well-known*film directors,*according to*his website.",critical,PS,recentlyPS,yes,match,6,work,crit,crit,Chadwick_Boseman.png
3,1,Charlie Chaplin,1889,1977,English,American,actor,singer,historically,dead,alive,died,before 2000,after 2000,yes,before 2000,Charlie Chaplin was an English actor. He died in Switzerland.,"He has received prestigious acting awards, as reported by his website.",He,has received,prestigious,"acting awards,",as reported by,his website.,Charlie Chaplin*was*an English actor.*He*died*in Switzerland.,"He*has received*prestigious*acting awards,*as reported by*his website.",critical,PP,historicallyPP,no,historicallyPP,4,receive,crit,crit,Charlie_Chaplin.jpg
3,1,Charlie Chaplin,1889,1977,English,American,actor,singer,historically,dead,alive,died,before 2000,after 2000,yes,before 2000,Charlie Chaplin was an English actor. He died in Switzerland.,"He received prestigious acting awards, as reported by his website.",He,received,prestigious,"acting awards,",as reported by,his website.,Charlie Chaplin*was*an English actor.*He*died*in Switzerland.,"He*received*prestigious*acting awards,*as reported by*his website.",critical,PS,historicallyPS,yes,match,3,receive,crit,crit,Charlie_Chaplin.jpg
8,13,Childish Gambino,1983,alive,American,Australian,musician,comedian,alive,alive,dead,born,before 1925,after 1925,no,after 1925,Childish Gambino is an American musician. He lives in New York City.,"He has released popular music records, according to the media.",He,has released,popular,"music records,",according to,the media.,Childish Gambino*is*an American musician.*He*lives*in New York City.,"He*has released*popular*music records,*according to*the media.",critical,PP,alivePP,yes,match,1,release,crit,crit,Childish_Gambino.jpg
8,13,Childish Gambino,1983,alive,American,Australian,musician,comedian,alive,alive,dead,born,before 1925,after 1925,no,after 1925,Childish Gambino is an American musician. He lives in New York City.,"He released popular music records, according to the media.",He,released,popular,"music records,",according to,the media.,Childish Gambino*is*an American musician.*He*lives*in New York City.,"He*released*popular*music records,*according to*the media.",critical,PS,alivePS,no,alivePS,6,release,crit,crit,Childish_Gambino.jpg
5,3,Clark Gable,1901,1960,American,Swedish,actor,musician,historically,dead,alive,died,before 2000,after 2000,yes,before 2000,Clark Gable was an American actor. He died in Los Angeles.,"He has performed in award-winning fiction films, as reported by the media.",He,has performed,in award-winning,"fiction films,",as reported by,the media.,Clark Gable*was*an American actor.*He*died*in Los Angeles.,"He*has performed*in award-winning*fiction films,*as reported by*the media.",critical,PP,historicallyPP,no,historicallyPP,6,perform,crit,crit,Clark_Gable.jpg
5,3,Clark Gable,1901,1960,American,Swedish,actor,musician,historically,dead,alive,died,before 2000,after 2000,yes,before 2000,Clark Gable was an American actor. He died in Los Angeles.,"He performed in award-winning fiction films, as reported by the media.",He,performed,in award-winning,"fiction films,",as reported by,the media.,Clark Gable*was*an American actor.*He*died*in Los Angeles.,"He*performed*in award-winning*fiction films,*as reported by*the media.",critical,PS,historicallyPS,yes,match,5,perform,crit,crit,Clark_Gable.jpg
15,18,David Bowie,1974,2016,English,Dutch,musician,royal,recently,dead,alive,died,before 2000,after 2000,no,after 2000,David Bowie was an English musician. He died in New York City.,"He has played in numerous packed arenas, as reported by Wikipedia.",He,has played,in numerous,"packed arenas,",as reported by,Wikipedia.,David Bowie*was*an English musician.*He*died*in New York City.,"He*has played*in numerous*packed arenas,*as reported by*Wikipedia.",critical,PP,recentlyPP,no,recentlyPP,6,play,crit,crit,David_Bowie.jpg
15,18,David Bowie,1974,2016,English,Dutch,musician,royal,recently,dead,alive,died,before 2000,after 2000,no,after 2000,David Bowie was an English musician. He died in New York City.,"He played in numerous packed arenas, as reported by Wikipedia.",He,played,in numerous,"packed arenas,",as reported by,Wikipedia.,David Bowie*was*an English musician.*He*died*in New York City.,"He*played*in numerous*packed arenas,*as reported by*Wikipedia.",critical,PS,recentlyPS,yes,match,5,play,crit,crit,David_Bowie.jpg
12,12,David Lynch,1946,alive,American,Russian,film-maker,scientist,alive,alive,dead,born,before 1925,after 1925,no,after 1925,David Lynch is an American film-maker. He lives in Los Angeles.,"He has produced well-received feature films, according to Wikipedia.",He,has produced,well-received,"feature films,",according to,Wikipedia.,David Lynch*is*an American film-maker.*He*lives*in Los Angeles.,"He*has produced*well-received*feature films,*according to*Wikipedia.",critical,PP,alivePP,yes,match,5,produce,crit,crit,David_Lynch.png
12,12,David Lynch,1946,alive,American,Russian,film-maker,scientist,alive,alive,dead,born,before 1925,after 1925,no,after 1925,David Lynch is an American film-maker. He lives in Los Angeles.,"He produced well-received feature films, according to Wikipedia.",He,produced,well-received,"feature films,",according to,Wikipedia.,David Lynch*is*an American film-maker.*He*lives*in Los Angeles.,"He*produced*well-received*feature films,*according to*Wikipedia.",critical,PS,alivePS,no,alivePS,4,produce,crit,crit,David_Lynch.png
7,6,Diana Rigg,1938,2020,English,Romanian,actress,politician,recently,dead,alive,died,before 2000,after 2000,no,after 2000,Diana Rigg was an English actress. She died in London.,"She has starred in well-received drama films, so her Wikipedia page states.",She,has starred,in well-received,"drama films,",so her,Wikipedia page states.,Diana Rigg*was*an English actress.*She*died*in London.,"She*has starred*in well-received*drama films,*so her*Wikipedia page states.",critical,PP,recentlyPP,no,recentlyPP,4,star,crit,crit,Diana_Rigg.png
7,6,Diana Rigg,1938,2020,English,Romanian,actress,politician,recently,dead,alive,died,before 2000,after 2000,no,after 2000,Diana Rigg was an English actress. She died in London.,"She starred in well-received drama films, so her Wikipedia page states.",She,starred,in well-received,"drama films,",so her,Wikipedia page states.,Diana Rigg*was*an English actress.*She*died*in London.,"She*starred*in well-received*drama films,*so her*Wikipedia page states.",critical,PS,recentlyPS,yes,match,3,star,crit,crit,Diana_Rigg.png
24,11,Elizabeth Taylor,1932,2011,English-American,French,actress,film-maker,recently,dead,alive,died,before 2000,after 2000,no,after 2000,Elizabeth Taylor was an American actress. She died in  Los Angeles.,"She has starred in prominent feature movies, as reported by the media.",She,has starred,in prominent,"feature movies,",as reported by,the media.,Elizabeth Taylor*was*an American actress.*She*died*in Los Angeles.,"She*has starred*in prominent*feature movies,*as reported by*the media.",critical,PP,recentlyPP,no,recentlyPP,3,star,crit,crit,Elizabeth_Taylor.jpeg
24,11,Elizabeth Taylor,1932,2011,English-American,French,actress,film-maker,recently,dead,alive,died,before 2000,after 2000,no,after 2000,Elizabeth Taylor was an American actress. She died in  Los Angeles.,"She starred in prominent feature movies, as reported by the media.",She,starred,in prominent,"feature movies,",as reported by,the media.,Elizabeth Taylor*was*an American actress.*She*died*in Los Angeles.,"She*starred*in prominent*feature movies,*as reported by*the media.",critical,PS,recentlyPS,yes,match,2,star,crit,crit,Elizabeth_Taylor.jpeg
15,18,Elvis Presley,1935,1977,American,British,musician,royal,historically,dead,alive,died,before 2000,after 2000,yes,before 2000,Elvis Presley was an American musician. He died in Tennessee.,"He has played in numerous packed arenas, as reported by Wikipedia.",He,has played,in numerous,"packed arenas,",as reported by,Wikipedia.,Elvis Presley*was*an American musician.*He*died*in Tennessee.,"He*has played*in numerous*packed arenas,*as reported by*Wikipedia.",critical,PP,historicallyPP,no,historicallyPP,4,play,crit,crit,Elvis_Presley.jpg
15,18,Elvis Presley,1935,1977,American,British,musician,royal,historically,dead,alive,died,before 2000,after 2000,yes,before 2000,Elvis Presley was an American musician. He died in Tennessee.,"He played in numerous packed arenas, as reported by Wikipedia.",He,played,in numerous,"packed arenas,",as reported by,Wikipedia.,Elvis Presley*was*an American musician.*He*died*in Tennessee.,"He*played*in numerous*packed arenas,*as reported by*Wikipedia.",critical,PS,historicallyPS,yes,match,3,play,crit,crit,Elvis_Presley.jpg
24,11,Emma Watson,1990,alive,English,American,actress,film-maker,alive,alive,dead,born,before 1925,after 1925,no,after 1925,Emma Watson is an English actress. She lives in Los Angeles.,"She has starred prominent feature movies, as reported by the media.",She,has starred,in prominent,"feature movies,",as reported by,the media.,Emma Watson*is*an English actress.*She*lives*in Los Angeles.,"She*has starred*in prominent*feature movies,*as reported by*the media.",critical,PP,alivePP,yes,match,5,star,crit,crit,Emma_Watson.jpg
24,11,Emma Watson,1990,alive,English,American,actress,film-maker,alive,alive,dead,born,before 1925,after 1925,no,after 1925,Emma Watson is an English actress. She lives in Los Angeles.,"She starred prominent feature movies, as reported by the media.",She,starred,in prominent,"feature movies,",as reported by,the media.,Emma Watson*is*an English actress.*She*lives*in Los Angeles.,"She*starred*in prominent*feature movies,*as reported by*the media.",critical,PS,alivePS,no,alivePS,4,star,crit,crit,Emma_Watson.jpg
20,25,Emmanuel Macron,1977,alive,French,British,politician,comedian,alive,alive,dead,born,before 1925,after 1925,no,after 1925,Emmanuel Macron is a French politician. He lives in Paris.,"He has won important political elections, as stated in his biography.",He,has won,important,"political elections,",as stated in,his biography.,Emmanuel Macron*is*a French politician.*He*lives*in Paris.,"He*has won*important*political elections,*as stated in*his biography.",critical,PP,alivePP,yes,match,1,win,crit,crit,Emmanuel_Macron.jpg
20,25,Emmanuel Macron,1977,alive,French,British,politician,comedian,alive,alive,dead,born,before 1925,after 1925,no,after 1925,Emmanuel Macron is a French politician. He lives in Paris.,"He won important political elections, as stated in his biography.",He,won,important,"political elections,",as stated in,his biography.,Emmanuel Macron*is*a French politician.*He*lives*in Paris.,"He*won*important*political elections,*as stated in*his biography.",critical,PS,alivePS,no,alivePS,6,win,crit,crit,Emmanuel_Macron.jpg
17,23,Fidel Castro,1926,2016,Cuban,Spanish,politician,singer,recently,dead,alive,died,before 2000,after 2000,no,after 2000,Fidel Castro was a Cuban politician. He died in Cuba.,"He has appeared in prominent political debates, as reported by the media.",He,has appeared,in prominent,"political debates,",as reported by,the media.,Fidel Castro*was*a Cuban politician.*He*died*in Cuba.,"He*has appeared*in prominent*political debates,*as reported by*the media.",critical,PP,recentlyPP,no,recentlyPP,2,appear,crit,crit,Fidel_Castro.jpg
17,23,Fidel Castro,1926,2016,Cuban,Spanish,politician,singer,recently,dead,alive,died,before 2000,after 2000,no,after 2000,Fidel Castro was a Cuban politician. He died in Cuba.,"He appeared in prominent political debates, as reported by the media.",He,appeared,in prominent,"political debates,",as reported by,the media.,Fidel Castro*was*a Cuban politician.*He*died*in Cuba.,"He*appeared*in prominent*political debates,*as reported by*the media.",critical,PS,recentlyPS,yes,match,1,appear,crit,crit,Fidel_Castro.jpg
18,9,Frank Kelly,1938,2016,Irish,American,actor,scientist,recently,dead,alive,died,before 2000,after 2000,no,after 2000,Frank Kelly was an Irish actor. He died in Dublin.,"He has released well-received motion pictures, according to his biographer.",He,has released,well-received,"motion pictures,",according to,his biographer.,Frank Kelly*was*an Irish actor.*He*died*in Dublin.,"He*has released*well-received*motion pictures,*according to*his biographer.",critical,PP,recentlyPP,no,recentlyPP,3,release,crit,crit,Frank_Kelly.png
18,9,Frank Kelly,1938,2016,Irish,American,actor,scientist,recently,dead,alive,died,before 2000,after 2000,no,after 2000,Frank Kelly was an Irish actor. He died in Dublin.,"He released well-received motion pictures, according to his biographer.",He,released,well-received,"motion pictures,",according to,his biographer.,Frank Kelly*was*an Irish actor.*He*died*in Dublin.,"He*released*well-received*motion pictures,*according to*his biographer.",critical,PS,recentlyPS,yes,match,2,release,crit,crit,Frank_Kelly.png
14,17,George Michael,1963,2016,English ,South African,musician,actor,recently,dead,alive,died,before 2000,after 2000,no,after 2000,George Michael was an English musician. He died in Oxfordshire.,"He has played numerous music concerts, so his biography states.",He,has played,numerous,"music concerts,",so his,biography states.,George Michael*was*an English musician.*He*died*in Oxfordshire.,"He*has played*numerous*music concerts,*so his*biography states.",critical,PP,recentlyPP,no,recentlyPP,5,play,crit,crit,George_Michael.jpg
14,17,George Michael,1963,2016,English ,South African,musician,actor,recently,dead,alive,died,before 2000,after 2000,no,after 2000,George Michael was an English musician. He died in Oxfordshire.,"He played numerous music concerts, so his biography states.",He,played,numerous,"music concerts,",so his,biography states.,George Michael*was*an English musician.*He*died*in Oxfordshire.,"He*played*numerous*music concerts,*so his*biography states.",critical,PS,recentlyPS,yes,match,4,play,crit,crit,George_Michael.jpg
4,2,Henry Fonda,1905,1982,American,Spanish,actor,politician,historically,dead,alive,died,before 2000,after 2000,yes,before 2000,Henry Fonda was an English actor. He died in Los Angeles.,"He has starred in critically acclaimed film productions, so his memoir says.",He,has starred,in critically acclaimed,"film productions,",so his,memoir says.,Henry Fonda*was*an English actor.*He*died*in Los Angeles.,"He*has starred*in critically acclaimed*film productions,*so his*memoir says.",critical,PP,historicallyPP,no,historicallyPP,5,star,crit,crit,Henry_Fonda.jpg
4,2,Henry Fonda,1905,1982,American,Spanish,actor,politician,historically,dead,alive,died,before 2000,after 2000,yes,before 2000,Henry Fonda was an English actor. He died in Los Angeles.,"He starred in critically acclaimed film productions, so his memoir says.",He,starred,in critically acclaimed,"film productions,",so his,memoir says.,Henry Fonda*was*an English actor.*He*died*in Los Angeles.,"He*starred*in critically acclaimed*film productions,*so his*memoir says.",critical,PS,historicallyPS,yes,match,4,star,crit,crit,Henry_Fonda.jpg
10,7,Humphrey Bogart,1899,1957,American,British,actor,businessman,historically,dead,alive,died,before 2000,after 2000,yes,before 2000,Humphrey Bogart was an American actor. He died in Los Angeles.,"He has worked with well-known film directors, according to his website.",He,has worked,with well-known,"film directors,",according to,his website.,Humphrey Bogart*was*an American actor.*He*died*in Los Angeles.,"He*has worked*with well-known*film directors,*according to*his website.",critical,PP,historicallyPP,no,historicallyPP,5,work,crit,crit,Humphrey_Bogart.jpg
10,7,Humphrey Bogart,1899,1957,American,British,actor,businessman,historically,dead,alive,died,before 2000,after 2000,yes,before 2000,Humphrey Bogart was an American actor. He died in Los Angeles.,"He worked with well-known film directors, according to his website.",He,worked,with well-known,"film directors,",according to,his website.,Humphrey Bogart*was*an American actor.*He*died*in Los Angeles.,"He*worked*with well-known*film directors,*according to*his website.",critical,PS,historicallyPS,yes,match,4,work,crit,crit,Humphrey_Bogart.jpg
5,3,Ian Holm,1931,2020,English,Australian,actor,musician,recently,dead,alive,died,before 2000,after 2000,no,after 2000,Ian Holm was an English actor. He died in London.,"He has performed in award-winning fiction films, as reported by the media.",He,has performed,in award-winning,"fiction films,",as reported by,the media.,Ian Holm*was*an English actor.*He*died*in London.,"He*has performed*in award-winning*fiction films,*as reported by*the media.",critical,PP,recentlyPP,no,recentlyPP,2,perform,crit,crit,Ian_Holm.png
5,3,Ian Holm,1931,2020,English,Australian,actor,musician,recently,dead,alive,died,before 2000,after 2000,no,after 2000,Ian Holm was an English actor. He died in London.,"He performed in award-winning fiction films, as reported by the media.",He,performed,in award-winning,"fiction films,",as reported by,the media.,Ian Holm*was*an English actor.*He*died*in London.,"He*performed*in award-winning*fiction films,*as reported by*the media.",critical,PS,recentlyPS,yes,match,1,perform,crit,crit,Ian_Holm.png
23,20,Janis Joplin,1943,1970,American,English,musician,actress,historically,dead,alive,died,before 2000,after 2000,yes,before 2000,Janis Joplin was an American musician. She died in California.,"She has performed in prestigious concert arenas, according to her website.",She,has performed,in prestigious,"concert arenas,",according to,her website.,Janis Joplin*was*an American musician.*She*died*in California.,"She*has performed*in prestigious*concert arenas,*according to*her website.",critical,PP,historicallyPP,no,historicallyPP,6,perform,crit,crit,Janis_Joplin.jpg
23,20,Janis Joplin,1943,1970,American,English,musician,actress,historically,dead,alive,died,before 2000,after 2000,yes,before 2000,Janis Joplin was an American musician. She died in California.,"She performed in prestigious concert arenas, according to her website.",She,performed,in prestigious,"concert arenas,",according to,her website.,Janis Joplin*was*an American musician.*She*died*in California.,"She*performed*in prestigious*concert arenas,*according to*her website.",critical,PS,historicallyPS,yes,match,5,perform,crit,crit,Janis_Joplin.jpg
16,19,Jim Morrison,1943,1971,American,Mexican,musician,politician,historically,dead,alive,died,before 2000,after 2000,yes,before 2000,Jim Morrison was an American musician. He died in Paris.,"He has performed in numerous music festivals, so his website states.",He,has performed,in numerous,"music festivals,",so his,website states.,Jim Morrison*was*an American musician.*He*died*in Paris.,"He*has performed*in numerous*music festivals,*so his*website states.",critical,PP,historicallyPP,no,historicallyPP,5,perform,crit,crit,Jim_Morrison.jpg
16,19,Jim Morrison,1943,1971,American,Mexican,musician,politician,historically,dead,alive,died,before 2000,after 2000,yes,before 2000,Jim Morrison was an American musician. He died in Paris.,"He performed in numerous music festivals, so his website states.",He,performed,in numerous,"music festivals,",so his,website states.,Jim Morrison*was*an American musician.*He*died*in Paris.,"He*performed*in numerous*music festivals,*so his*website states.",critical,PS,historicallyPS,yes,match,4,perform,crit,crit,Jim_Morrison.jpg
9,14,Jimi Hendrix,1942,1970,American,Scottish,musician,film-maker,historically,dead,alive,died,before 2000,after 2000,yes,before 2000,Jimi Hendrix was an American musician. He died in London.,"He has appeared in popular music videos, as stated in his memoir.",He,has appeared,in popular,"music videos,",as stated in,his memoir.,Jimi Hendrix*was*an American musician.*He*died*in London.,"He*has appeared*in popular*music videos,*as stated in*his memoir.",critical,PP,historicallyPP,no,historicallyPP,4,appear,crit,crit,Jimi_Hendrix.jpg
9,14,Jimi Hendrix,1942,1970,American,Scottish,musician,film-maker,historically,dead,alive,died,before 2000,after 2000,yes,before 2000,Jimi Hendrix was an American musician. He died in London.,"He appeared in popular music videos, as stated in his memoir.",He,appeared,in popular,"music videos,",as stated in,his memoir.,Jimi Hendrix*was*an American musician.*He*died*in London.,"He*appeared*in popular*music videos,*as stated in*his memoir.",critical,PS,historicallyPS,yes,match,3,appear,crit,crit,Jimi_Hendrix.jpg
10,7,Joaquin Phoenix,1974,alive,American,French,actor,businessman,alive,alive,dead,born,before 1925,after 1925,no,after 1925,Joaquin Phoenix is an American actor. He lives in Los Angeles.,"He has worked with well-known film directors, according to his website.",He,has worked,with well-known,"film directors,",according to,his website.,Joaquin Phoenix*is*an American actor.*He*lives*in Los Angeles.,"He*has worked*with well-known*film directors,*according to*his website.",critical,PP,alivePP,yes,match,3,work,crit,crit,Joaquin_Phoenix.jpg
10,7,Joaquin Phoenix,1974,alive,American,French,actor,businessman,alive,alive,dead,born,before 1925,after 1925,no,after 1925,Joaquin Phoenix is an American actor. He lives in Los Angeles.,"He worked with well-known film directors, according to his website.",He,worked,with well-known,"film directors,",according to,his website.,Joaquin Phoenix*is*an American actor.*He*lives*in Los Angeles.,"He*worked*with well-known*film directors,*according to*his website.",critical,PS,alivePS,no,alivePS,2,work,crit,crit,Joaquin_Phoenix.jpg
27,99,John Lennon,1940,1980, English,American,musician,actor,practice,dead,alive,died,before 2000,after 2000,yes,before 2000,John Lennon was an English musician. He died in 1980.,He lives in Stratford-upon-Avon.,practice,practice,practice,practice,practice,practice,John Lennon*was*an English musician.*He*died*in 1980.,He*lives*in Stratford-upon-Avon.,practice,PresS,practice_deadPresS,no,praclice_deadPresS,99,be,Right!<p>John Lennon doesn't live anywhere anymore!,Hmm...you should've said 'no'.<p>John Lennon doesn't live anywhere anymore!,John_Lennon.jpg
2,31,John Oliver,1977,alive,British,Swedish,TV personality,musician,alive,alive,dead,born,before 1925,after 1925,no,after 1925,John Oliver is a British TV personality. He lives in New York City.,"He has hosted high-ranking TV programs, as stated on Wikipedia.",He,has hosted,high-ranking,"TV programs,",as stated on,Wikipedia.,John Oliver*is*a British TV personality.*He*lives*in New York City.,"He*has hosted*high-ranking*TV programs,*as stated on*Wikipedia.",critical,PP,alivePP,yes,match,1,host,crit,crit,John_Oliver.png
2,31,John Oliver,1977,alive,British,Swedish,TV personality,musician,alive,alive,dead,born,before 1925,after 1925,no,after 1925,John Oliver is a British TV personality. He lives in New York City.,"He hosted high-ranking TV programs, as stated on Wikipedia.",He,hosted,high-ranking,"TV programs,",as stated on,Wikipedia.,John Oliver*is*a British TV personality.*He*lives*in New York City.,"He*hosted*high-ranking*TV programs,*as stated on*Wikipedia.",critical,PS,alivePS,no,alivePS,6,host,crit,crit,John_Oliver.png
11,8,John Wayne,1907,1979,American,Dutch,actor,fashion designer,historically,dead,alive,died,before 2000,after 2000,yes,before 2000,John Wayne was an American actor. He died in Los Angeles.,"He has appeared with important Hollywood stars, as stated in his biography.",He,has appeared,with important,"Hollywood stars,",as stated in,his biography.,John Wayne*was*an American actor.*He*died*in Los Angeles.,"He*has appeared*with important*Hollywood stars,*as stated in*his biography.",critical,PP,historicallyPP,no,historicallyPP,6,appear,crit,crit,John_Wayne.jpg
11,8,John Wayne,1907,1979,American,Dutch,actor,fashion designer,historically,dead,alive,died,before 2000,after 2000,yes,before 2000,John Wayne was an American actor. He died in Los Angeles.,"He appeared with important Hollywood stars, as stated in his biography.",He,appeared,with important,"Hollywood stars,",as stated in,his biography.,John Wayne*was*an American actor.*He*died*in Los Angeles.,"He*appeared*with important*Hollywood stars,*as stated in*his biography.",critical,PS,historicallyPS,yes,match,5,appear,crit,crit,John_Wayne.jpg
4,2,Johnny Depp,1963,alive,American,Irish,actor,politician,alive,alive,dead,born,before 1925,after 1925,no,after 1925,Johnny Depp is an American actor. He lives in Los Angeles.,"He has starred in critically acclaimed film productions, so his memoir says.",He,has starred,in critically acclaimed,"film productions,",so his,memoir says.,Johnny Depp*is*an American actor.*He*lives*in Los Angeles.,"He*has starred*in critically acclaimed*film productions,*so his*memoir says.",critical,PP,alivePP,yes,match,3,star,crit,crit,Johnny_Depp.jpg
4,2,Johnny Depp,1963,alive,American,Irish,actor,politician,alive,alive,dead,born,before 1925,after 1925,no,after 1925,Johnny Depp is an American actor. He lives in Los Angeles.,"He starred in critically acclaimed film productions, so his memoir says.",He,starred,in critically acclaimed,"film productions,",so his,memoir says.,Johnny Depp*is*an American actor.*He*lives*in Los Angeles.,"He*starred*in critically acclaimed*film productions,*so his*memoir says.",critical,PS,alivePS,no,alivePS,2,star,crit,crit,Johnny_Depp.jpg
14,17,Justin Timberlake,1981,alive,American,Irish,musician,actor,alive,alive,dead,born,before 1925,after 1925,no,after 1925,Justin Timberlake is an American musician. He lives in California.,"He has played numerous music concerts, so his biography states.",He,has played,numerous,"music concerts,",so his,biography states.,Justin Timberlake*is*an American musician.*He*lives*in California.,"He*has played*numerous*music concerts,*so his*biography states.",critical,PP,alivePP,yes,match,1,play,crit,crit,Justin_Timberlake.jpg
14,17,Justin Timberlake,1981,alive,American,Irish,musician,actor,alive,alive,dead,born,before 1925,after 1925,no,after 1925,Justin Timberlake is an American musician. He lives in California.,"He played numerous music concerts, so his biography states.",He,played,numerous,"music concerts,",so his,biography states.,Justin Timberlake*is*an American musician.*He*lives*in California.,"He*played*numerous*music concerts,*so his*biography states.",critical,PS,alivePS,no,alivePS,6,play,crit,crit,Justin_Timberlake.jpg
7,6,Kate Winslet,1972,alive,English,Canadian,actress,politician,alive,alive,dead,born,before 1925,after 1925,no,after 1925,Kate Winslet is an English actress. She lives in West Sussex.,"She has starred in well-received drama films, so her Wikipedia page states.",She,has starred,in well-received,"drama films,",so her,Wikipedia page states.,Kate Winslet*is*an English actress.*She*lives*in West Sussex.,"She*has starred*in well-received*drama films,*so her*Wikipedia page states.",critical,PP,alivePP,yes,match,6,star,crit,crit,Kate_Winslet.jpg
7,6,Kate Winslet,1972,alive,English,Canadian,actress,politician,alive,alive,dead,born,before 1925,after 1925,no,after 1925,Kate Winslet is an English actress. She lives in West Sussex.,"She starred in well-received drama films, so her Wikipedia page states.",She,starred,in well-received,"drama films,",so her,Wikipedia page states.,Kate Winslet*is*an English actress.*She*lives*in West Sussex.,"She*starred*in well-received*drama films,*so her*Wikipedia page states.",critical,PS,alivePS,no,alivePS,5,star,crit,crit,Kate_Winslet.jpg
19,10,Keanu Reeves,1964,alive,Canadian,American,actor,businessman,alive,alive,dead,born,before 1925,after 1925,no,after 1925,Keanu Reeves is a Canadian actor. He lives in Los Angeles.,"He has played in numerous successful films, as reported by the media.",He,has played,in numerous,"successful films,",as reported by,the media.,Keanu Reeves*is*a Canadian actor.*He*lives*in Los Angeles.,"He*has played*in numerous*successful films,*as reported by*the media.",critical,PP,alivePP,yes,match,6,play,crit,crit,Keanu_Reeves.jpg
19,10,Keanu Reeves,1964,alive,Canadian,American,actor,businessman,alive,alive,dead,born,before 1925,after 1925,no,after 1925,Keanu Reeves is a Canadian actor. He lives in Los Angeles.,"He played in numerous successful films, as reported by the media.",He,played,in numerous,"successful films,",as reported by,the media.,Keanu Reeves*is*a Canadian actor.*He*lives*in Los Angeles.,"He*played*in numerous*successful films,*as reported by*the media.",critical,PS,alivePS,no,alivePS,5,play,crit,crit,Keanu_Reeves.jpg
22,21,Lana Del Rey,1985,alive,American,French,musician,politician,alive,alive,dead,born,before 1925,after 1925,no,after 1925,Lana Del Rey is an American musician. She lives in Los Angeles.,"She has released popular music albums ,so her memoir says.",She,has released,popular,"music albums,",so her,memoir says.,Lana Del Rey*is*an American musician.*She*lives*in Los Angeles.,"She*has released*popular*music albums,*so her*memoir says.",critical,PP,alivePP,yes,match,3,release,crit,crit,Lana_Del_Rey.jpg
22,21,Lana Del Rey,1985,alive,American,French,musician,politician,alive,alive,dead,born,before 1925,after 1925,no,after 1925,Lana Del Rey is an American musician. She lives in Los Angeles.,"She released popular music albums, so her memoir says.",She,released,popular,"music albums,",so her,memoir says.,Lana Del Rey*is*an American musician.*She*lives*in Los Angeles.,"She*released*popular*music albums,*so her*memoir says.",critical,PS,alivePS,no,alivePS,2,release,crit,crit,Lana_Del_Rey.jpg
2,31,Larry King,1933,2021,American,German,TV personality,musician,recently,dead,alive,died,before 2000,after 2000,no,after 2000,Larry King was a British TV personality. He died in Los Angeles.,"He has hosted high-ranking TV programs, as stated on Wikipedia.",He,has hosted,high-ranking,"TV programs,",as stated on,Wikipedia.,Larry King*was*a British TV personality.*He*died*in Los Angeles.,"He*has hosted*high-ranking*TV programs,*as stated on*Wikipedia.",critical,PP,recentlyPP,no,recentlyPP,5,host,crit,crit,Larry_King.png
2,31,Larry King,1933,2021,American,German,TV personality,musician,recently,dead,alive,died,before 2000,after 2000,no,after 2000,Larry King was a British TV personality. He died in Los Angeles.,"He hosted high-ranking TV programs, as stated on Wikipedia.",He,hosted,high-ranking,"TV programs,",as stated on,Wikipedia.,Larry King*was*a British TV personality.*He*died*in Los Angeles.,"He*hosted*high-ranking*TV programs,*as stated on*Wikipedia.",critical,PS,recentlyPS,yes,match,4,host,crit,crit,Larry_King.png
8,13,Little Richard,1932,2020,American,French,musician,comedian,recently,dead,alive,died,before 2000,after 2000,no,after 2000,Little Richard was an American musician. He died in Tennessee.,"He has released popular music records, according to the media.",He,has released,popular,"music records,",according to,the media.,Little Richard*was*an American musician.*He*died*in Tennessee.,"He*has released*popular*music records,*according to*the media.",critical,PP,recentlyPP,no,recentlyPP,5,release,crit,crit,Little_Richard.png
8,13,Little Richard,1932,2020,American,French,musician,comedian,recently,dead,alive,died,before 2000,after 2000,no,after 2000,Little Richard was an American musician. He died in Tennessee.,"He released popular music records, according to the media.",He,released,popular,"music records,",according to,the media.,Little Richard*was*an American musician.*He*died*in Tennessee.,"He*released*popular*music records,*according to*the media.",critical,PS,recentlyPS,yes,match,4,release,crit,crit,Little_Richard.png
8,13,Louis Armstrong,1901,1971,American,German,musician,comedian,historically,dead,alive,died,before 2000,after 2000,yes,before 2000,Louis Armstrong was an American musician. He died in New York City.,"He has released popular music records, according to the media.",He,has released,popular,"music records,",according to,the media.,Louis Armstrong*was*an American musician.*He*died*in New York City.,"He*has released*popular*music records,*according to*the media.",critical,PP,historicallyPP,no,historicallyPP,3,release,crit,crit,Louis_Armstrong.jpg
8,13,Louis Armstrong,1901,1971,American,German,musician,comedian,historically,dead,alive,died,before 2000,after 2000,yes,before 2000,Louis Armstrong was an American musician. He died in New York City.,"He released popular music records, according to the media.",He,released,popular,"music records,",according to,the media.,Louis Armstrong*was*an American musician.*He*died*in New York City.,"He*released*popular*music records,*according to*the media.",critical,PS,historicallyPS,yes,match,2,release,crit,crit,Louis_Armstrong.jpg
19,10,Louis de Funès,1914,1983,French,Portuguese,actor,businessman,historically,dead,alive,died,before 2000,after 2000,yes,before 2000,Louis de Funès was a French actor. He died in Nantes.,"He has played in numerous successful films, as reported by the media.",He,has played,in numerous,"successful films,",as reported by,the media.,Louis de Funès*was*a French actor.*He*died*in Nantes.,"He*has played*in numerous*successful films,*as reported by*the media.",critical,PP,historicallyPP,no,historicallyPP,2,play,crit,crit,Louis_de_Funès.jpg
19,10,Louis de Funès,1914,1983,French,Portuguese,actor,businessman,historically,dead,alive,died,before 2000,after 2000,yes,before 2000,Louis de Funès was a French actor. He died in Nantes.,"He played in numerous successful films, as reported by the media.",He,played,in numerous,"successful films,",as reported by,the media.,Louis de Funès*was*a French actor.*He*died*in Nantes.,"He*played*in numerous*successful films,*as reported by*the media.",critical,PS,historicallyPS,yes,match,1,play,crit,crit,Louis_de_Funès.jpg
20,25,Mahatma Gandhi,1869,1948,Indian,Mongolian,politician,comedian,historically,dead,alive,died,before 2000,after 2000,yes,before 2000,Mahatma Gandhi was an Indian politician. He died in New Delhi.,"He has inspired several freedom movements, as stated in his biography.",He ,has inspired,several,"freedom movements,",as stated in,his biography.,Mahatma Gandhi*was*an Indian politician.*He*died*in New Delhi.,"He*has inspired*several*freedom movements,*as stated in*his biography.",critical,PP,historicallyPP,no,historicallyPP,3,inspire,crit,crit,Mahatma_Gandhi.jpg
20,25,Mahatma Gandhi,1869,1948,Indian,Mongolian,politician,comedian,historically,dead,alive,died,before 2000,after 2000,yes,before 2000,Mahatma Gandhi was an Indian politician. He died in New Delhi.,"He inspired several freedom movements, as stated in his biography.",He ,inspired,several,"freedom movements,",as stated in,his biography.,Mahatma Gandhi*was*an Indian politician.*He*died*in New Delhi.,"He*inspired*several*freedom movements,*as stated in*his biography.",critical,PS,historicallyPS,yes,match,2,inspire,crit,crit,Mahatma_Gandhi.jpg
17,23,Mao Zedong,1893,1976,Chinese,Japanese,politician,singer,historically,dead,alive,died,before 2000,after 2000,yes,before 2000,Mao Zedong was a Chinese politician. He died in Beijing.,"He has appeared in prominent political debates, as reported by the media.",He,has appeared,in prominent,"political debates,",as reported by,the media.,Mao Zedong*was*a Chinese politician.*He*died*in Beijing.,"He*has appeared*in prominent*political debates,*as reported by*the media.",critical,PP,historicallyPP,no,historicallyPP,6,appear,crit,crit,Mao_Zedong.jpg
17,23,Mao Zedong,1893,1976,Chinese,Japanese,politician,singer,historically,dead,alive,died,before 2000,after 2000,yes,before 2000,Mao Zedong was a Chinese politician. He died in Beijing.,"He appeared in prominent political debates, as reported by the media.",He,appeared,in prominent,"political debates,",as reported by,the media.,Mao Zedong*was*a Chinese politician.*He*died*in Beijing.,"He*appeared*in prominent*political debates,*as reported by*the media.",critical,PS,historicallyPS,yes,match,5,appear,crit,crit,Mao_Zedong.jpg
21,26,Margaret Thatcher,1925,2013,British,American,politician,activist,recently,dead,alive,died,before 2000,after 2000,no,after 2000,Margaret Thatcher was a British politician. She died in London.,"She  has worked with important world leaders, as stated on Wikipedia.",She,has worked,with important,"world leaders,",as stated on,Wikipedia.,Margaret Thatcher*was*a British politician.*She*died*in London.,"She*has worked*with important*world leaders,*as stated on*Wikipedia.",critical,PP,recentlyPP,no,recentlyPP,6,work,crit,crit,Margaret_Thatcher.jpg
21,26,Margaret Thatcher,1925,2013,British,American,politician,activist,recently,dead,alive,died,before 2000,after 2000,no,after 2000,Margaret Thatcher was a British politician. She died in London.,"She  worked with important world leaders, as stated on Wikipedia.",She,worked,with important,"world leaders,",as stated on,Wikipedia.,Margaret Thatcher*was*a British politician.*She*died*in London.,"She*worked*with important*world leaders,*as stated on*Wikipedia.",critical,PS,recentlyPS,yes,match,5,work,crit,crit,Margaret_Thatcher.jpg
24,11,Marilyn Monroe,1926,1962,American,Australian,actress,film-maker,historically,dead,alive,died,before 2000,after 2000,yes,before 2000,Marilyn Monroe was an American actress. She died in  Los Angeles.,"She has starred prominent feature movies, as reported by the media.",She,has starred,in prominent,"feature movies,",as reported by,the media.,Marilyn Monroe*was*an American actress.*She*died*in Los Angeles.,"She*has starred*in prominent*feature movies,*as reported by*the media.",critical,PP,historicallyPP,no,historicallyPP,1,star,crit,crit,Marilyn_Monroe.jpg
24,11,Marilyn Monroe,1926,1962,American,Australian,actress,film-maker,historically,dead,alive,died,before 2000,after 2000,yes,before 2000,Marilyn Monroe was an American actress. She died in  Los Angeles.,"She starred prominent feature movies, as reported by the media.",She,starred,in prominent,"feature movies,",as reported by,the media.,Marilyn Monroe*was*an American actress.*She*died*in Los Angeles.,"She*starred*in prominent*feature movies,*as reported by*the media.",critical,PS,historicallyPS,yes,match,6,star,crit,crit,Marilyn_Monroe.jpg
11,8,Matt Damon,1970,alive,American,Welsh,actor,fashion designer,alive,alive,dead,born,before 1925,after 1925,no,after 1925,Matt Damon is an American actor. He lives in Florida.,"He has appeared with important Hollywood stars, as stated in his biography.",He,has appeared,with important,"Hollywood stars,",as stated in,his biography.,Matt Damon*is*an American actor.*He*lives*in Florida.,"He*has appeared*with important*Hollywood stars,*as stated in*his biography.",critical,PP,alivePP,yes,match,4,appear,crit,crit,Matt_Damon.jpg
11,8,Matt Damon,1970,alive,American,Welsh,actor,fashion designer,alive,alive,dead,born,before 1925,after 1925,no,after 1925,Matt Damon is an American actor. He lives in Florida.,"He appeared with important Hollywood stars, as stated in his biography.",He,appeared,with important,"Hollywood stars,",as stated in,his biography.,Matt Damon*is*an American actor.*He*lives*in Florida.,"He*appeared*with important*Hollywood stars,*as stated in*his biography.",critical,PS,alivePS,no,alivePS,3,appear,crit,crit,Matt_Damon.jpg
21,26,Nancy Astor,1879,1964,British,American,politician,activist,historically,dead,alive,died,before 2000,after 2000,yes,before 2000,Nancy Astor was a British politician. She died in Lincolnshire.,"She  has worked with important world leaders, as stated on Wikipedia.",She,has worked,with important,"world leaders,",as stated on,Wikipedia.,Nancy Astor*was*a British politician.*She*died*in Lincolnshire.,"She*has worked*with important*world leaders,*as stated on*Wikipedia.",critical,PP,historicallyPP,no,historicallyPP,4,work,crit,crit,Nancy_Astor.png
21,26,Nancy Astor,1879,1964,British,American,politician,activist,historically,dead,alive,died,before 2000,after 2000,yes,before 2000,Nancy Astor was a British politician. She died in Lincolnshire.,"She  worked with important world leaders, as stated on Wikipedia.",She,worked,with important,"world leaders,",as stated on,Wikipedia.,Nancy Astor*was*a British politician.*She*died*in Lincolnshire.,"She*worked*with important*world leaders,*as stated on*Wikipedia.",critical,PS,historicallyPS,yes,match,3,work,crit,crit,Nancy_Astor.png
20,25,Nelson Mandela,1918,2013,South African,Malaysian,politician,comedian,recently,dead,alive,died,before 2000,after 2000,no,after 2000,Nelson Mandela was an African politician. He died in South Africa.,"He has won important political elections, as stated in his biography.",He,has won,important,"political elections,",as stated in,his biography.,Nelson Mandela*was*an African politician.*He*died*in South Africa.,"He*has won*important*political elections,*as stated in*his biography.",critical,PP,recentlyPP,no,recentlyPP,5,win,crit,crit,Nelson_Mandela.jpg
20,25,Nelson Mandela,1918,2013,South African,Malaysian,politician,comedian,recently,dead,alive,died,before 2000,after 2000,no,after 2000,Nelson Mandela was an African politician. He died in South Africa.,"He won important political elections, as stated in his biography.",He,won,important,"political elections,",as stated in,his biography.,Nelson Mandela*was*an African politician.*He*died*in South Africa.,"He*won*important*political elections,*as stated in*his biography.",critical,PS,recentlyPS,yes,match,4,win,crit,crit,Nelson_Mandela.jpg
16,19,Nick Cave,1957,alive,Australian,American,musician,politician,alive,alive,dead,born,before 1925,after 1925,no,after 1925,Nick Cave is an Australian musician. He lives in Brighton.,"He has performed in numerous music festivals, so his website states.",He,has performed,in numerous,"music festivals,",so his,website states.,Nick Cave*is*an Australian musician.*He*lives*in Brighton.,"He*has performed*in numerous*music festivals,*so his*website states.",critical,PP,alivePP,yes,match,3,play,crit,crit,Nick_Cave.png
16,19,Nick Cave,1957,alive,Australian,American,musician,politician,alive,alive,dead,born,before 1925,after 1925,no,after 1925,Nick Cave is an Australian musician. He lives in Brighton.,"He performed in numerous music festivals, so his website states.",He,performed,in numerous,"music festivals,",so his,website states.,Nick Cave*is*an Australian musician.*He*lives*in Brighton.,"He*performed*in numerous*music festivals,*so his*website states.",critical,PS,alivePS,no,alivePS,2,perform,crit,crit,Nick_Cave.png
13,22,Noam Chomsky,1928,alive,American,Czech,scientist,musician,alive,alive,dead,born,before 1925,after 1925,no,after 1925,Noam Chomsky is an American scientist. He lives in Arizona.,"He has received prestigious scientific awards, as reported by his memoir.",He,has received,prestigious,"scientific awards,",as reported by,his memoir.,Noam Chomsky*is*an American scientist.*He*lives*in Arizona.,"He*has received*prestigious*scientific awards,*as reported by*his memoir.",critical,PP,alivePP,yes,match,6,receive,crit,crit,Noam_Chomsky.jpg
13,22,Noam Chomsky,1928,alive,American,Czech,scientist,musician,alive,alive,dead,born,before 1925,after 1925,no,after 1925,Noam Chomsky is an American scientist. He lives in Arizona.,"He received prestigious scientific awards, as reported by his memoir.",He,received,prestigious,"scientific awards,",as reported by,his memoir.,Noam Chomsky*is*an American scientist.*He*lives*in Arizona.,"He*received*prestigious*scientific awards,*as reported by*his memoir.",critical,PS,alivePS,no,alivePS,5,receive,crit,crit,Noam_Chomsky.jpg
6,4,Peter Sellers,1925,1980,English,American,actor ,scientist,historically,dead,alive,died,before 2000,after 2000,yes,before 2000,Peter Sellers was an English actor. He died in London.,"He has appeared in critically lauded comedy films, according to his biographer.",He,has appeared,in critically lauded,"comedy films,",according to,his biographer.,Peter Sellers*was*an English actor.*He*died*in London.,"He*has appeared*in critically lauded*comedy films,*according to*his biographer.",critical,PP,historicallyPP,no,historicallyPP,1,appear,crit,crit,Peter_Sellers.png
6,4,Peter Sellers,1925,1980,English,American,actor,scientist,historically,dead,alive,died,before 2000,after 2000,yes,before 2000,Peter Sellers was an English actor. He died in London.,"He appeared in critically lauded comedy films, according to his biographer.",He,appeared,in critically lauded,"comedy films,",according to,his biographer.,Peter Sellers*was*an English actor.*He*died*in London.,"He*appeared*in critically lauded*comedy films,*according to*his biographer.",critical,PS,historicallyPS,yes,match,6,appear,crit,crit,Peter_Sellers.png
16,19,Prince,1958,2016,American,South African,musician,politician,recently,dead,alive,died,before 2000,after 2000,no,after 2000,Prince was an American musician. He died in Minnesota.,"He has performed in numerous music festivals, so his website states.",He,has performed,in numerous,"music festivals,",so his,website states.,Prince*was*an American musician.*He*died*in Minnesota.,"He*has performed*in numerous*music festivals,*so his*website states.",critical,PP,recentlyPP,no,recentlyPP,1,perform,crit,crit,Prince.jpg
16,19,Prince,1958,2016,American,South African,musician,politician,recently,dead,alive,died,before 2000,after 2000,no,after 2000,Prince was an American musician. He died in Minnesota.,"He performed in numerous music festivals, so his website states.",He,performed,in numerous,"music festivals,",so his,website states.,Prince*was*an American musician.*He*died*in Minnesota.,"He*performed*in numerous*music festivals,*so his*website states.",critical,PS,recentlyPS,yes,match,6,perform,crit,crit,Prince.jpg
1,32,Prince Philip,1921,2021,British,American,royal,activist,recently,dead,alive,died,before 2000,after 2000,no,after 2000,Prince Philip was a British royal. He died in Windsor.,"He has received numerous royal titles, as reported by his biographer.",He,has received,numerous,"royal titles,",as reported by,his biographer.,Prince Philip*was*a British royal.*He*died*in Windsor.,"He*has received*numerous*royal titles,*as reported by*his biographer.",critical,PP,recentlyPP,no,recentlyPP,4,receive,crit,crit,Prince_Philip.png
1,32,Prince Philip,1921,2021,British,American,royal,activist,recently,dead,alive,died,before 2000,after 2000,no,after 2000,Prince Philip was a British royal. He died in Windsor.,"He received numerous royal titles, as reported by his biographer.",He,received,numerous,"royal titles,",as reported by,his biographer.,Prince Philip*was*a British royal.*He*died*in Windsor.,"He*received*numerous*royal titles,*as reported by*his biographer.",critical,PS,recentlyPS,yes,match,3,receive,crit,crit,Prince_Philip.png
1,32,Prince William,1982,alive,British,Canadian,royal,activist,alive,alive,dead,born,before 1925,after 1925,no,after 1925,Prince William is a British royal. He lives in London.,"He has received numerous royal titles, as reported by his biographer.",He,has received,numerous,"royal titles,",as reported by,his biographer.,Prince William*is*a British royal.*He*lives*in London.,"He*has received*numerous*royal titles,*as reported by*his biographer.",critical,PP,alivePP,yes,match,6,receive,crit,crit,Prince_William.png
1,32,Prince William,1982,alive,British,Canadian,royal,activist,alive,alive,dead,born,before 1925,after 1925,no,after 1925,Prince William is a British royal. He lives in London.,"He received numerous royal titles, as reported by his biographer.",He,received,numerous,"royal titles,",as reported by,his biographer.,Prince William*is*a British royal.*He*lives*in London.,"He*received*numerous*royal titles,*as reported by*his biographer.",critical,PS,alivePS,no,alivePS,5,receive,crit,crit,Prince_William.png
1,32,Richard the Lionheart,1157  ,1199,English,Turkish,royal,activist,historically,dead,alive,died,before 2000,after 2000,yes,before 2000,Richard the Lionheart was an English royal. He died in France.,"He has received numerous royal titles, as reported by his biographer.",He,has received,numerous,"royal titles,",as reported by,his biographer.,Richard the Lionheart*was*an English royal.*He*died*in France.,"He*has received*numerous*royal titles,*as reported by*his biographer.",critical,PP,historicallyPP,no,historicallyPP,2,receive,crit,crit,Richard_the_Lionheart.png
1,32,Richard the Lionheart,1157  ,1199,English,Turkish,royal,activist,historically,dead,alive,died,before 2000,after 2000,yes,before 2000,Richard the Lionheart was an English royal. He died in France.,"He received numerous royal titles, as reported by his biographer.",He,received,numerous,"royal titles,",as reported by,his biographer.,Richard the Lionheart*was*an English royal.*He*died*in France.,"He*received*numerous*royal titles,*as reported by*his biographer.",critical,PS,historicallyPS,yes,match,1,receive,crit,crit,Richard_the_Lionheart.png
14,17,Richard Wagner,1813,1883,German,Canadian,musician,actor,historically,dead,alive,died,before 2000,after 2000,yes,before 2000,Richard Wagner was a German musician. He died in Venice.,"He has played numerous music concerts, so his biography states.",He,has played,numerous,"music concerts,",so his,biography states.,Richard Wagner*was*a German musician.*He*died* in Venice.,"He*has played*numerous*music concerts,*so his*biography states.",critical,PP,historicallyPP,no,historicallyPP,3,play,crit,crit,Richard_Wagner.jpg
14,17,Richard Wagner,1813,1883,German,Canadian,musician,actor,historically,dead,alive,died,before 2000,after 2000,yes,before 2000,Richard Wagner was a German musician. He died in Venice.,"He played numerous music concerts, so his biography states.",He,played,numerous,"music concerts,",so his,biography states.,Richard Wagner*was*a German musician.*He*died* in Venice.,"He*played*numerous*music concerts,*so his*biography states.",critical,PS,historicallyPS,yes,match,2,play,crit,crit,Richard_Wagner.jpg
19,10,Robin Williams,1951,2014,American,Swedish,actor,businessman,recently,dead,alive,died,before 2000,after 2000,no,after 2000,Robin Williams was an American actor. He died in California.,"He has played in numerous successful films, as reported by the media.",He,has played,in numerous,"successful films,",as reported by,the media.,Robin Williams*was*an American actor.*He*died*in California.,"He*has played*in numerous*successful films,*as reported by*the media.",critical,PP,recentlyPP,no,recentlyPP,4,play,crit,crit,Robin_Williams.jpg
19,10,Robin Williams,1951,2014,American,Swedish,actor,businessman,recently,dead,alive,died,before 2000,after 2000,no,after 2000,Robin Williams was an American actor. He died in California.,"He played in numerous successful films, as reported by the media.",He,played,in numerous,"successful films,",as reported by,the media.,Robin Williams*was*an American actor.*He*died*in California.,"He*played*in numerous*successful films,*as reported by*the media.",critical,PS,recentlyPS,yes,match,3,play,crit,crit,Robin_Williams.jpg
6,4,Rowan Atkinson,1955,alive,English,Danish,actor,scientist,alive,alive,dead,born,before 1925,after 1925,no,after 1925,Rowan Atkinson is an English actor. He lives in London.,"He has appeared in critically lauded comedy films, according to his biographer.",He,has appeared,in critically lauded,"comedy films,",according to,his biographer.,Rowan Atkinson*is*an English actor.*He*lives*in London.,"He*has appeared*in critically lauded*comedy films,*according to*his biographer.",critical,PP,alivePP,yes,match,5,appear,crit,crit,Rowan_Atkinson.png
6,4,Rowan Atkinson,1955,alive,English,Danish,actor,scientist,alive,alive,dead,born,before 1925,after 1925,no,after 1925,Rowan Atkinson is an English actor. He lives in London.,"He appeared in critically lauded comedy films, according to his biographer.",He,appeared,in critically lauded,"comedy films,",according to,his biographer.,Rowan Atkinson*is*an English actor.*He*lives*in London.,"He*appeared*in critically lauded*comedy films,*according to*his biographer.",critical,PS,alivePS,no,alivePS,4,appear,crit,crit,Rowan_Atkinson.png
11,8,Rutger Hauer,1944,2019,Dutch,Spanish,actor,fashion designer,recently,dead,alive,died,before 2000,after 2000,no,after 2000,Rutger Hauer in was a Dutch actor. He died in the Netherlands.,"He has appeared with important Hollywood stars, as stated in his biography.",He,has appeared,with important,"Hollywood stars,",as stated in,his biography.,Rutger Hauer*was*a Dutch actor.*He*died*in the Netherlands.,"He*has appeared*with important*Hollywood stars,*as stated in*his biography.",critical,PP,recentlyPP,no,recentlyPP,2,appear,crit,crit,Rutger_Hauer.jpg
11,8,Rutger Hauer,1944,2019,Dutch,Spanish,actor,fashion designer,recently,dead,alive,died,before 2000,after 2000,no,after 2000,Rutger Hauer in was a Dutch actor. He died in the Netherlands.,"He appeared with important Hollywood stars, as stated in his biography.",He,appeared,with important,"Hollywood stars,",as stated in,his biography.,Rutger Hauer*was*a Dutch actor.*He*died*in the Netherlands.,"He*appeared*with important*Hollywood stars,*as stated in*his biography.",critical,PS,recentlyPS,yes,match,1,appear,crit,crit,Rutger_Hauer.jpg
3,1,Sean Connery,1930,2020,Scottish,Canadian,actor,singer,recently,dead,alive,died,before 2000,after 2000,no,after 2000,Sean Connery was an Scottish actor. He died in the Bahamas.,"He has received prestigious acting awards, as reported by his website.",He,has received,prestigious,"acting awards,",as reported by,his website.,Sean Connery*was*an Scottish actor.*He*died*in the Bahamas.,"He*has received*prestigious*acting awards,*as reported by*his website.",critical,PP,recentlyPP,no,recentlyPP,6,receive,crit,crit,Sean_Connery.jpg
3,1,Sean Connery,1930,2020,Scottish,Canadian,actor,singer,recently,dead,alive,died,before 2000,after 2000,no,after 2000,Sean Connery was an Scottish actor. He died in the Bahamas.,"He received prestigious acting awards, as reported by his website.",He,received,prestigious,"acting awards,",as reported by,his website.,Sean Connery*was*an Scottish actor.*He*died*in the Bahamas.,"He*received*prestigious*acting awards,*as reported by*his website.",critical,PS,recentlyPS,yes,match,5,receive,crit,crit,Sean_Connery.jpg
26,99,Shakira,1977,alive,Colombian,Cuban,singer,comedian,practice,alive,dead,was born,before 1925,after 1925,no,after 1925,Shakira is a Colombian singer. She was born and raised in Colombia.,She went to primary school in London before emigrating to the US.,practice,practice,practice,practice,practice,practice,Shakira*is*a Colombian singer.*She*was born and raised*in Colombia.,She*went*to primary school*in London*before*emigrating to the US.,practice,PS,practice_aliveFactMM,no,practice_fact,99,go,Right!<p>The sentence does not fit. Shakira was born and raised in Colombia and therefore could not have gone to primary school in London.,Hmm...you should've said 'no'.<p>Shakira was born and raised in Colombia and therefore could not have gone to primary school in London.,Shakira.png
12,12,Stan Lee,1922,2018,American,New Zealand,film-maker,scientist,recently,dead,alive,died,before 2000,after 2000,no,after 2000,Stan Lee was an American film-maker. He died in California.,"He has produced well-received feature films, according to Wikipedia.",He,has produced,well-received,"feature films,",according to,Wikipedia.,Stan Lee*was*an American film-maker.*He*died*in California.,"He*has produced*well-received*feature films,*according to*Wikipedia.",critical,PP,recentlyPP,no,recentlyPP,3,produce,crit,crit,Stan_Lee.png
12,12,Stan Lee,1922,2018,American,New Zealand,film-maker,scientist,recently,dead,alive,died,before 2000,after 2000,no,after 2000,Stan Lee was an American film-maker. He died in California.,He produced well-received feature films according to Wikipedia.,He,produced,well-received,"feature films,",according to,Wikipedia.,Stan Lee*was*an American film-maker.*He*died*in California.,"He*produced*well-received*feature films,*according to*Wikipedia.",critical,PS,recentlyPS,yes,match,2,produce,crit,crit,Stan_Lee.png
13,22,Stephen Hawking,1942,2018,English,American,scientist,musician,recently,dead,alive,died,before 2000,after 2000,no,after 2000,Stephen Hawking was an English scientist. He died in Cambridge.,"He has received prestigious scientific awards, as reported by his memoir.",He,has received,prestigious,"scientific awards,",as reported by,his memoir.,Stephen Hawking*was*an English scientist.*He*died*in Cambridge.,"He*has received*prestigious*scientific awards,*as reported by*his memoir.",critical,PP,recentlyPP,no,recentlyPP,4,receive,crit,crit,Stephen_Hawking.jpg
13,22,Stephen Hawking,1942,2018,English,American,scientist,musician,recently,dead,alive,died,before 2000,after 2000,no,after 2000,Stephen Hawking was an English scientist. He died in Cambridge.,"He received prestigious scientific awards, as reported by his memoir.",He,received,prestigious,"scientific awards,",as reported by,his memoir.,Stephen Hawking*was*an English scientist.*He*died*in Cambridge.,"He*received*prestigious*scientific awards,*as reported by*his memoir.",critical,PS,recentlyPS,yes,match,3,receive,crit,crit,Stephen_Hawking.jpg
6,4,Terry Jones,1942,2020,Welsh,Swedish,actor,scientist,recently,dead,alive,died,before 2000,after 2000,no,after 2000,Terry Jones was an Welsh actor. He died in London.,"He has appeared in critically lauded comedy films, according to his biographer..",He,has appeared,in critically lauded,"comedy films,",according to,his biographer.,Terry Jones*was*an Welsh actor.*He*died*in London.,"He*has appeared*in critically lauded*comedy films,*according to*his biographer.",critical,PP,recentlyPP,no,recentlyPP,3,appear,crit,crit,Terry_Jones.png
6,4,Terry Jones,1942,2020,Welsh,Swedish,actor,scientist,recently,dead,alive,died,before 2000,after 2000,no,after 2000,Terry Jones was an Welsh actor. He died in London.,"He appeared in critically lauded comedy films, according to his biographer.",He,appeared,in critically lauded,"comedy films,",according to,his biographer.,Terry Jones*was*an Welsh actor.*He*died*in London.,"He*appeared*in critically lauded*comedy films,*according to*his biographer.",critical,PS,recentlyPS,yes,match,2,appear,crit,crit,Terry_Jones.png
5,3,Tom Hanks,1956,alive,American,French,actor,musician,alive,alive,dead,born,before 1925,after 1925,no,after 1925,Tom Hanks is an American actor. He lives in Los Angeles.,"He has performed in award-winning fiction films, as reported by the media.",He,has performed,in award-winning,"fiction films,",as reported by,the media.,Tom Hanks*is*an American actor.*He*lives*in Los Angeles.,"He*has performed*in award-winning*fiction films,*as reported by*the media.",critical,PP,alivePP,yes,match,4,perform,crit,crit,Tom_Hanks.jpg
5,3,Tom Hanks,1956,alive,American,French,actor,musician,alive,alive,dead,born,before 1925,after 1925,no,after 1925,Tom Hanks is an American actor. He lives in Los Angeles.,"He performed in award-winning fiction films, as reported by the media.",He,performed,in award-winning,"fiction films,",as reported by,the media.,Tom Hanks*is*an American actor.*He*lives*in Los Angeles.,"He*performed*in award-winning*fiction films,*as reported by*the media.",critical,PS,alivePS,no,alivePS,3,perform,crit,crit,Tom_Hanks.jpg
2,31,Tommy Cooper,1921,1984,British,Danish,TV personality,musician,historically,dead,alive,died,before 2000,after 2000,yes,before 2000,Tommy Cooper was a British TV personality. He died in London.,"He has hosted high-ranking TV programs, as stated on Wikipedia.",He,has hosted,high-ranking,"TV programs,",as stated on,Wikipedia.,Tommy Cooper*was*a British TV personality.*He*died*in London.,"He*has hosted*high-ranking*TV programs,*as stated on*Wikipedia.",critical,PP,historicallyPP,no,historicallyPP,3,host,crit,crit,Tommy_Cooper.png
2,31,Tommy Cooper,1921,1984,British,Danish,TV personality,musician,historically,dead,alive,died,before 2000,after 2000,yes,before 2000,Tommy Cooper was a British TV personality. He died in London.,"He hosted high-ranking TV programs, as stated on Wikipedia.",He,hosted,high-ranking,"TV programs,",as stated on,Wikipedia.,Tommy Cooper*was*a British TV personality.*He*died*in London.,"He*hosted*high-ranking*TV programs,*as stated on*Wikipedia.",critical,PS,historicallyPS,yes,match,2,host,crit,crit,Tommy_Cooper.png
7,6,Vivien Leigh,1925,1967,British,Dutch,actress,politician,historically,dead,alive,died,before 2000,after 2000,yes,before 2000,Vivien Leigh was a British actress. She died in London.,"She has starred in well-received drama films, so her Wikipedia page states.",She,has starred,in well-received,"drama films,",so her,Wikipedia page states.,Vivien Leigh*was*a British actress.*She*died*in London.,"She*has starred*in well-received*drama films,*so her*Wikipedia page states.",critical,PP,historicallyPP,no,historicallyPP,2,star,crit,crit,Vivien_Leigh.png
7,6,Vivien Leigh,1925,1967,British,Dutch,actress,politician,historically,dead,alive,died,before 2000,after 2000,yes,before 2000,Vivien Leigh was a British actress. She died in London.,"She starred in well-received drama films, so her Wikipedia page states.",She,starred,in well-received,"drama films,",so her,Wikipedia page states.,Vivien Leigh*was*a British actress.*She*died*in London.,"She*starred*in well-received*drama films,*so her*Wikipedia page states.",critical,PS,historicallyPS,yes,match,1,star,crit,crit,Vivien_Leigh.png
12,12,Walt Disney,1901,1966,American,Australian,film-maker,scientist,historically,dead,alive,died,before 2000,after 2000,yes,before 2000,Walt Disney was an American film-maker. He died in California.,"He has produced well-received feature films, according to Wikipedia.",He,has produced,well-received,"feature films,",according to,Wikipedia.,Walt Disney*was*an American film-maker.*He*died*in California.,"He*has produced*well-received*feature films,*according to*Wikipedia.",critical,PP,historicallyPP,no,historicallyPP,1,produce,crit,crit,Walt_Disney.jpg
12,12,Walt Disney,1901,1966,American,Australian,film-maker,scientist,historically,dead,alive,died,before 2000,after 2000,yes,before 2000,Walt Disney was an American film-maker. He died in California.,"He produced well-received feature films, according to Wikipedia.",He,produced,well-received,"feature films,",according to,Wikipedia.,Walt Disney*was*an American film-maker.*He*died*in California.,"He*produced*well-received*feature films,*according to*Wikipedia.",critical,PS,historicallyPS,yes,match,6,produce,crit,crit,Walt_Disney.jpg
22,21,Whitney Houston,1963,2012,American,Australian,musician,politician,recently,dead,alive,died,before 2000,after 2000,no,after 2000,Whitney Houston was an American musician. She died in California.,"She has released popular music albums, so her memoir says.",She,has released,popular,"music albums,",so her,memoir says.,Whitney Houston*was*an American musician.*She*died*in California.,"She*has released*popular*music albums,*so her*memoir says.",critical,PP,recentlyPP,no,recentlyPP,1,release,crit,crit,Whitney_Houston.jpg
22,21,Whitney Houston,1963,2012,American,Australian,musician,politician,recently,dead,alive,died,before 2000,after 2000,no,after 2000,Whitney Houston was an American musician. She died in California.,"She released popular music albums, so her memoir says.",She,released,popular,"music albums,",so her,memoir says.,Whitney Houston*was*an American musician.*She*died*in California.,"She*released*popular*music albums,*so her*memoir says.",critical,PS,recentlyPS,yes,match,6,release,crit,crit,Whitney_Houston.jpg
